,complaint,No,Yes
0,abdominalcramping,410185.0,446.0
1,abdominaldistention,410149.0,481.0
2,abdominalpain,369472.0,41150.0
3,abdominalpainpregnant,409083.0,1545.0
4,abnormallab,407701.0,2927.0
5,abscess,407960.0,2671.0
6,addictionproblem,410172.0,459.0
7,agitation,410145.0,486.0
8,alcoholintoxication,401533.0,9094.0
9,alcoholproblem,409223.0,1407.0
10,allergicreaction,408220.0,2409.0
11,alteredmentalstatus,404092.0,6537.0
12,animalbite,409491.0,1140.0
13,ankleinjury,409131.0,1499.0
14,anklepain,408509.0,2122.0
15,anxiety,408416.0,2214.0
16,arminjury,410088.0,543.0
17,armpain,407761.0,2869.0
18,armswelling,410088.0,543.0
19,assaultvictim,408334.0,2297.0
20,asthma,408968.0,1662.0
21,backpain,395331.0,15296.0
22,bleeding/bruising,409977.0,654.0
23,blurredvision,410251.0,380.0
24,bodyfluidexposure,410046.0,584.0
25,breastpain,410257.0,374.0
26,breathingdifficulty,408086.0,2545.0
27,breathingproblem,410303.0,328.0
28,burn,410188.0,443.0
29,cardiacarrest,410331.0,300.0
30,cellulitis,410496.0,135.0
31,chestpain,382914.0,27710.0
32,chesttightness,409770.0,860.0
33,chills,410196.0,435.0
34,coldlikesymptoms,408450.0,2180.0
35,confusion,410023.0,608.0
36,conjunctivitis,410408.0,223.0
37,constipation,409268.0,1363.0
38,cough,401819.0,8811.0
39,cyst,409770.0,860.0
40,decreasedbloodsugar-symptomatic,409761.0,870.0
41,dehydration,410109.0,521.0
42,dentalpain,407793.0,2838.0
43,depression,409255.0,1375.0
44,detoxevaluation,409779.0,852.0
45,diarrhea,407385.0,3246.0
46,dizziness,401146.0,9483.0
47,drug/alcoholassessment,409838.0,793.0
48,drugproblem,408826.0,1805.0
49,dyspnea,408231.0,2400.0
50,dysuria,409431.0,1200.0
51,earpain,408541.0,2090.0
52,earproblem,410353.0,278.0
53,edema,409982.0,649.0
54,elbowpain,410167.0,464.0
55,elevatedbloodsugar-nosymptoms,409568.0,1062.0
56,elevatedbloodsugar-symptomatic,409386.0,1245.0
57,emesis,401928.0,8700.0
58,epigastricpain,409941.0,690.0
59,epistaxis,409107.0,1523.0
60,exposuretostd,410418.0,213.0
61,extremitylaceration,409136.0,1495.0
62,extremityweakness,409978.0,653.0
63,eyeinjury,410159.0,472.0
64,eyepain,409348.0,1282.0
65,eyeproblem,408949.0,1682.0
66,eyeredness,410160.0,471.0
67,facialinjury,410191.0,440.0
68,faciallaceration,410153.0,478.0
69,facialpain,410008.0,623.0
70,facialswelling,409461.0,1169.0
71,fall,396112.0,14513.0
72,fall>65,404868.0,5762.0
73,fatigue,407546.0,3084.0
74,femaleguproblem,408153.0,2476.0
75,fever,410302.0,329.0
76,fever-75yearsorolder,409607.0,1024.0
77,fever-9weeksto74years,406088.0,4543.0
78,feverimmunocompromised,410149.0,482.0
79,fingerinjury,408948.0,1681.0
80,fingerpain,409779.0,852.0
81,fingerswelling,410192.0,439.0
82,flankpain,403954.0,6677.0
83,follow-upcellulitis,409903.0,728.0
84,footinjury,409557.0,1074.0
85,footpain,407010.0,3621.0
86,footswelling,409950.0,680.0
87,foreignbodyineye,410332.0,299.0
88,fulltrauma,410233.0,398.0
89,generalizedbodyaches,408888.0,1743.0
90,gibleeding,408439.0,2192.0
91,giproblem,409174.0,1457.0
92,groinpain,409834.0,797.0
93,hallucinations,410043.0,588.0
94,handinjury,409241.0,1389.0
95,handpain,408664.0,1967.0
96,headache,410135.0,496.0
97,headache-newonsetornewsymptoms,404098.0,6533.0
98,headache-recurrentorknowndxmigraines,408888.0,1742.0
99,headachere-evaluation,408789.0,1842.0
100,headinjury,408942.0,1689.0
101,headlaceration,410097.0,534.0
102,hematuria,409399.0,1232.0
103,hemoptysis,410250.0,381.0
104,hippain,408345.0,2285.0
105,homicidal,410313.0,318.0
106,hyperglycemia,410546.0,85.0
107,hypertension,407689.0,2942.0
108,hypotension,409419.0,1212.0
109,influenza,410365.0,266.0
110,ingestion,410560.0,71.0
111,insectbite,409743.0,888.0
112,irregularheartbeat,410050.0,580.0
113,jawpain,410171.0,460.0
114,jointswelling,410293.0,338.0
115,kneeinjury,409880.0,751.0
116,kneepain,405887.0,4744.0
117,laceration,407961.0,2670.0
118,leginjury,410044.0,587.0
119,legpain,403118.0,7509.0
120,legswelling,407136.0,3495.0
121,lethargy,409694.0,937.0
122,lossofconsciousness,409791.0,840.0
123,maleguproblem,408629.0,2001.0
124,mass,410360.0,271.0
125,medicalproblem,406365.0,4263.0
126,medicalscreening,409726.0,904.0
127,medicationproblem,410038.0,593.0
128,medicationrefill,409717.0,913.0
129,migraine,409431.0,1200.0
130,modifiedtrauma,409731.0,900.0
131,motorcyclecrash,410118.0,513.0
132,motorvehiclecrash,399802.0,10824.0
133,multiplefalls,410070.0,558.0
134,nasalcongestion,409869.0,762.0
135,nausea,406670.0,3960.0
136,nearsyncope,409452.0,1179.0
137,neckpain,407655.0,2974.0
138,neurologicproblem,407934.0,2695.0
139,numbness,409438.0,1193.0
140,oralswelling,410204.0,427.0
141,otalgia,410349.0,282.0
142,other,375233.0,34844.0
143,overdose-accidental,410191.0,440.0
144,overdose-intentional,410175.0,456.0
145,pain,410339.0,292.0
146,palpitations,408005.0,2625.0
147,panicattack,410092.0,539.0
148,pelvicpain,410123.0,508.0
149,poisoning,409838.0,793.0
150,post-opproblem,409887.0,743.0
151,psychiatricevaluation,405278.0,5350.0
152,psychoticsymptoms,410297.0,334.0
153,rapidheartrate,410057.0,574.0
154,rash,406472.0,4159.0
155,rectalbleeding,410471.0,160.0
156,rectalpain,410087.0,544.0
157,respiratorydistress,410245.0,386.0
158,ribinjury,410297.0,334.0
159,ribpain,409870.0,761.0
160,seizure-newonset,410029.0,602.0
161,seizure-priorhxof,408286.0,2344.0
162,seizures,410495.0,136.0
163,shortnessofbreath,391360.0,19265.0
164,shoulderinjury,409868.0,763.0
165,shoulderpain,407540.0,3090.0
166,sicklecellpain,409702.0,929.0
167,sinusproblem,410317.0,314.0
168,skinirritation,409934.0,697.0
169,skinproblem,409682.0,949.0
170,sorethroat,405711.0,4920.0
171,stdcheck,409979.0,652.0
172,strokealert,409025.0,1606.0
173,suicidal,404527.0,6104.0
174,suture/stapleremoval,409390.0,1241.0
175,swallowedforeignbody,410355.0,276.0
176,syncope,406925.0,3705.0
177,tachycardia,409775.0,856.0
178,testiclepain,410111.0,520.0
179,thumbinjury,410329.0,302.0
180,tickremoval,410417.0,214.0
181,toeinjury,410214.0,417.0
182,toepain,409705.0,925.0
183,trauma,410295.0,336.0
184,unresponsive,409937.0,694.0
185,uri,409687.0,942.0
186,urinaryfrequency,410257.0,374.0
187,urinaryretention,409774.0,857.0
188,urinarytractinfection,409317.0,1314.0
189,vaginalbleeding,407572.0,3059.0
190,vaginaldischarge,410066.0,565.0
191,vaginalpain,410330.0,299.0
192,weakness,404893.0,5738.0
193,wheezing,410229.0,402.0
194,withdrawal-alcohol,410202.0,429.0
195,woundcheck,408880.0,1751.0
196,woundinfection,409435.0,1196.0
197,woundre-evaluation,410105.0,526.0
198,wristinjury,410087.0,544.0
199,wristpain,409592.0,1038.0
