,underlying condition,No,Yes
0,2ndarymalig,409672.0,959.0
1,abdomhernia,396883.0,13748.0
2,abdomnlpain,404174.0,6457.0
3,abortcompl,410618.0,13.0
4,acqfootdef,408245.0,2386.0
5,acrenlfail,406065.0,4566.0
6,acutecvd,387814.0,22817.0
7,acutemi,394268.0,16363.0
8,acutphanm,410397.0,234.0
9,adjustmentdisorders,409919.0,712.0
10,adltrespfl,407318.0,3313.0
11,alcoholrelateddisorders,389433.0,21198.0
12,allergy,390468.0,20163.0
13,amniosdx,410571.0,60.0
14,analrectal,408587.0,2044.0
15,anemia,372879.0,37752.0
16,aneurysm,405749.0,4882.0
17,anxietydisorders,325713.0,84918.0
18,appendicitis,409982.0,649.0
19,artembolism,410059.0,572.0
20,asppneumon,409532.0,1099.0
21,asthma,329516.0,81115.0
22,attentiondeficitconductdisruptivebeha,390659.0,19972.0
23,backproblem,369129.0,41502.0
24,biliarydx,402512.0,8119.0
25,birthasphyx,410622.0,9.0
26,birthtrauma,410612.0,19.0
27,bladdercncr,408601.0,2030.0
28,blindness,403541.0,7090.0
29,bnignutneo,405332.0,5299.0
30,bonectcncr,410055.0,576.0
31,bph,399172.0,11459.0
32,brainnscan,410151.0,480.0
33,breastcancr,401841.0,8790.0
34,breastdx,406106.0,4525.0
35,brnchlngca,407047.0,3584.0
36,bronchitis,410185.0,446.0
37,burns,410152.0,479.0
38,cardiaarrst,409749.0,882.0
39,cardiacanom,406914.0,3717.0
40,carditis,401689.0,8942.0
41,cataract,400821.0,9810.0
42,cervixcancr,408956.0,1675.0
43,chestpain,402917.0,7714.0
44,chfnonhp,387203.0,23428.0
45,chrkidneydisease,386581.0,24050.0
46,coaghemrdx,403503.0,7128.0
47,coloncancer,407854.0,2777.0
48,comabrndmg,409653.0,978.0
49,complicdevi,408489.0,2142.0
50,complicproc,408117.0,2514.0
51,conduction,397416.0,13215.0
52,contraceptiv,408850.0,1781.0
53,copd,375427.0,35204.0
54,coronathero,370509.0,40122.0
55,crushinjury,409710.0,921.0
56,cysticfibro,410483.0,148.0
57,deliriumdementiaamnesticothercognitiv,399040.0,11591.0
58,developmentaldisorders,406559.0,4072.0
59,diabmelnoc,328770.0,81861.0
60,diabmelwcm,400784.0,9847.0
61,disordersusuallydiagnosedininfancych,409216.0,1415.0
62,diverticulos,396236.0,14395.0
63,dizziness,403347.0,7284.0
64,dminpreg,408779.0,1852.0
65,dysrhythmia,368206.0,42425.0
66,earlylabor,410511.0,120.0
67,ecodesadverseeffectsofmedicalcare,410591.0,40.0
68,ecodesadverseeffectsofmedicaldrugs,410541.0,90.0
69,ecodescutpierce,410542.0,89.0
70,ecodesdrowningsubmersion,410625.0,6.0
71,ecodesfall,407978.0,2653.0
72,ecodesfirearm,410466.0,165.0
73,ecodesfireburn,410631.0,
74,ecodesmachinery,410631.0,
75,ecodesmotorvehicletrafficmvt,406944.0,3687.0
76,ecodesnaturalenvironment,410596.0,35.0
77,ecodesotherspecifiedandclassifiable,410252.0,379.0
78,ecodesotherspecifiednec,410573.0,58.0
79,ecodespedalcyclistnotmvt,410608.0,23.0
80,ecodesplaceofoccurrence,410630.0,1.0
81,ecodespoisoning,410623.0,8.0
82,ecodessuffocation,410625.0,6.0
83,ecodestransportnotmvt,410601.0,30.0
84,ecodesunspecified,410094.0,537.0
85,ectopicpreg,409192.0,1439.0
86,encephalitis,410120.0,511.0
87,endometrios,407383.0,3248.0
88,epilepsycnv,388127.0,22504.0
89,esophcancer,410137.0,494.0
90,esophgealdx,338847.0,71784.0
91,exameval,409409.0,1222.0
92,eyeinfectn,408279.0,2352.0
93,fatigue,404324.0,6307.0
94,femgenitca,410413.0,218.0
95,feminfertil,409929.0,702.0
96,fetaldistrs,410624.0,7.0
97,fluidelcdx,404835.0,5796.0
98,fuo,410399.0,232.0
99,fxarm,406575.0,4056.0
100,fxhip,409222.0,1409.0
101,fxleg,405936.0,4695.0
102,fxskullfac,409399.0,1232.0
103,gangrene,410464.0,167.0
104,gasduoulcer,404309.0,6322.0
105,gastritis,406596.0,4035.0
106,gastroent,407134.0,3497.0
107,giconganom,409120.0,1511.0
108,gihemorrhag,401723.0,8908.0
109,giperitcan,410394.0,237.0
110,glaucoma,401142.0,9489.0
111,goutotcrys,399021.0,11610.0
112,guconganom,408139.0,2492.0
113,hdnckcancr,409149.0,1482.0
114,headachemig,380276.0,30355.0
115,hemmorhoids,404975.0,5656.0
116,hemorrpreg,410555.0,76.0
117,hepatitis,392460.0,18171.0
118,hivinfectn,404045.0,6586.0
119,hodgkinsds,410235.0,396.0
120,hrtvalvedx,391058.0,19573.0
121,htn,242166.0,168465.0
122,htncomplicn,408832.0,1799.0
123,htninpreg,408980.0,1651.0
124,hyperlipidem,309961.0,100670.0
125,immunitydx,408721.0,1910.0
126,immunizscrn,403172.0,7459.0
127,impulsecontroldisordersnec,410188.0,443.0
128,inducabortn,410446.0,185.0
129,infectarth,408024.0,2607.0
130,influenza,409973.0,658.0
131,infmalegen,409395.0,1236.0
132,intestinfct,407255.0,3376.0
133,intobstruct,407224.0,3407.0
134,intracrninj,406282.0,4349.0
135,jointinjury,408461.0,2170.0
136,kidnyrnlca,409214.0,1417.0
137,lateeffcvd,410109.0,522.0
138,leukemias,409104.0,1527.0
139,liveborn,410620.0,11.0
140,liveribdca,409906.0,725.0
141,longpregncy,410621.0,10.0
142,lowbirthwt,410443.0,188.0
143,lungexternl,410173.0,458.0
144,lymphenlarg,409710.0,921.0
145,maintchemr,410215.0,416.0
146,malgenitca,410592.0,39.0
147,maligneopls,392067.0,18564.0
148,malposition,410618.0,13.0
149,meningitis,409364.0,1267.0
150,menopausldx,408915.0,1716.0
151,menstrualdx,404051.0,6580.0
152,miscellaneousmentalhealthdisorders,404206.0,6425.0
153,mooddisorders,314039.0,96592.0
154,mouthdx,409618.0,1013.0
155,ms,408646.0,1985.0
156,multmyeloma,409815.0,816.0
157,mycoses,404528.0,6103.0
158,nauseavomit,402247.0,8384.0
159,neoplsmunsp,406422.0,4209.0
160,nephritis,408969.0,1662.0
161,nervcongan,410020.0,611.0
162,nonepithca,402856.0,7775.0
163,nonhodglym,408362.0,2269.0
164,nutritdefic,397715.0,12916.0
165,obrelatedperintrauma,410627.0,4.0
166,opnwndextr,409399.0,1232.0
167,opnwndhead,407153.0,3478.0
168,osteoarthros,393878.0,16753.0
169,osteoporosis,398988.0,11643.0
170,otacqdefor,409540.0,1091.0
171,otaftercare,406195.0,4436.0
172,otbnignneo,393925.0,16706.0
173,otbonedx,399188.0,11443.0
174,otcirculdx,395086.0,15545.0
175,otcomplbir,408339.0,2292.0
176,otconganom,407400.0,3231.0
177,otconntiss,387862.0,22769.0
178,otdxbladdr,404778.0,5853.0
179,otdxkidney,402455.0,8176.0
180,otdxstomch,405546.0,5085.0
181,otendodsor,399922.0,10709.0
182,otfemalgen,403006.0,7625.0
183,othbactinf,403992.0,6639.0
184,othcnsinfx,409951.0,680.0
185,othematldx,400576.0,10055.0
186,othercvd,408944.0,1687.0
187,othereardx,400641.0,9990.0
188,otheredcns,404933.0,5698.0
189,othereyedx,404899.0,5732.0
190,othergidx,381850.0,28781.0
191,othergudx,391527.0,19104.0
192,otherinjury,389092.0,21539.0
193,otherpregnancyanddeliveryincludingnormal,409357.0,1274.0
194,otherscreen,405211.0,5420.0
195,othfracture,404554.0,6077.0
196,othheartdx,402827.0,7804.0
197,othinfectns,398589.0,12042.0
198,othliverdx,398615.0,12016.0
199,othlowresp,392098.0,18533.0
200,othmalegen,405456.0,5175.0
201,othnervdx,375403.0,35228.0
202,othskindx,395664.0,14967.0
203,othveindx,407214.0,3417.0
204,otinflskin,402763.0,7868.0
205,otitismedia,409432.0,1199.0
206,otjointdx,353883.0,56748.0
207,otnutritdx,363825.0,46806.0
208,otperintdx,410353.0,278.0
209,otpregcomp,409100.0,1531.0
210,otprimryca,410073.0,558.0
211,otrespirca,410616.0,15.0
212,otupprresp,396146.0,14485.0
213,otuprspin,404988.0,5643.0
214,ovariancyst,405594.0,5037.0
215,ovarycancer,409611.0,1020.0
216,pancreascan,410066.0,565.0
217,pancreasdx,399778.0,10853.0
218,paralysis,408169.0,2462.0
219,parkinsons,407719.0,2912.0
220,pathologfx,410380.0,251.0
221,pelvicobstr,410619.0,12.0
222,perintjaund,410627.0,4.0
223,peripathero,399640.0,10991.0
224,peritonitis,410077.0,554.0
225,personalitydisorders,405840.0,4791.0
226,phlebitis,394788.0,15843.0
227,pid,406295.0,4336.0
228,pleurisy,407664.0,2967.0
229,pneumonia,398897.0,11734.0
230,poisnnonmed,410175.0,456.0
231,poisnotmed,409005.0,1626.0
232,poisonpsych,410580.0,51.0
233,precereoccl,408746.0,1885.0
234,prevcsectn,410536.0,95.0
235,prolapse,409085.0,1546.0
236,prostatecan,405519.0,5112.0
237,pulmhartdx,396692.0,13939.0
238,rctmanusca,409452.0,1179.0
239,rehab,410616.0,15.0
240,respdistres,410630.0,1.0
241,retinaldx,402996.0,7635.0
242,rheumarth,404888.0,5743.0
243,schizophreniaandotherpsychoticdisorde,389229.0,21402.0
244,screeningandhistoryofmentalhealthan,386393.0,24238.0
245,septicemia,407860.0,2771.0
246,septicemiaexceptinlabor,410631.0,
247,sexualinfxs,401316.0,9315.0
248,shock,410538.0,93.0
249,sicklecell,407341.0,3290.0
250,skininfectn,402708.0,7923.0
251,skinmelanom,408347.0,2284.0
252,sle,405319.0,5312.0
253,socialadmin,403312.0,7319.0
254,spincorinj,410234.0,397.0
255,spontabortn,409741.0,890.0
256,sprain,408046.0,2585.0
257,stomchcancr,410188.0,443.0
258,substancerelateddisorders,384215.0,26416.0
259,suicideandintentionalselfinflictedin,406862.0,3769.0
260,superficinj,409031.0,1600.0
261,syncope,405404.0,5227.0
262,teethdx,408176.0,2455.0
263,testiscancr,410316.0,315.0
264,thyroidcncr,408948.0,1683.0
265,thyroiddsor,364259.0,46372.0
266,tia,403651.0,6980.0
267,tonsillitis,410191.0,440.0
268,tuberculosis,409559.0,1072.0
269,ulceratcol,405416.0,5215.0
270,ulcerskin,406681.0,3950.0
271,umbilcord,410625.0,6.0
272,unclassified,337412.0,73219.0
273,urinstone,391738.0,18893.0
274,urinyorgca,410448.0,183.0
275,uteruscancr,408896.0,1735.0
276,uti,393530.0,17101.0
277,varicosevn,408289.0,2342.0
278,viralinfect,392196.0,18435.0
279,whtblooddx,408611.0,2020.0
